sample,length,gc_percent
Sample_1,59,55.932203389830505
Sample_2,48,66.66666666666666
Sample_3,68,50.0
Sample_5,64,50.0
